Title,Short description,Full description
RallyUp,"Desafios, rankings e torneios: tênis, padel, raquetinha, pickleball e beach.","O Rally Up conecta jogadores e clubes de esportes de raquete.

Marque desafios, acompanhe rankings, participe de torneios e encontre aulas — tudo em um só app.

Modalidades: tênis, raquetinha, padel, pickleball e beach tênis.

• Convidar amigos e jogadores perto de você
• Rankings e confrontos do seu clube
• Torneios com chaveamento
• Aulas presenciais e online
• Perfil, estatísticas e mensagens

Baixe o Rally Up e suba de nível na quadra."
