Language,Title,Short description,Full description
pt-BR,RallyUp,"Desafios, rankings e torneios: tênis, padel, raquetinha, pickleball e beach.","O Rally Up conecta jogadores e clubes de esportes de raquete.

Marque desafios, acompanhe rankings, participe de torneios e encontre aulas — tudo em um só app.

Modalidades: tênis, raquetinha, padel, pickleball e beach tênis.

• Convidar amigos e jogadores perto de você
• Rankings e confrontos do seu clube
• Torneios com chaveamento
• Aulas presenciais e online
• Perfil, estatísticas e mensagens

Baixe o Rally Up e suba de nível na quadra."
en-US,RallyUp,"Challenges, rankings and tournaments: tennis, padel, racquetball, pickleball and beach.","Rally Up connects racket-sport players and clubs.

Challenge friends, follow rankings, join tournaments and find lessons — all in one app.

Sports: tennis, paddle/racquetball, padel, pickleball and beach tennis.

• Invite friends and nearby players
• Club rankings and matches
• Tournament brackets
• In-person and online lessons
• Profile, stats and messaging

Download Rally Up and level up on court."
es-419,RallyUp,"Desafíos, rankings y torneos: tenis, pádel, raquetinha, pickleball y beach.","Rally Up conecta jugadores y clubes de deportes de raqueta.

Desafía amigos, sigue rankings, únete a torneos y encuentra clases — todo en una app.

Modalidades: tenis, raquetinha, pádel, pickleball y beach tenis.

• Invita amigos y jugadores cerca de ti
• Rankings y enfrentamientos de tu club
• Torneos con llave
• Clases presenciales y online
• Perfil, estadísticas y mensajes

Descarga Rally Up y sube de nivel en la cancha."
